{"gt_targets": {"18": [53, 0.07194444444444444, 0.020358796296296295, 1.1416666666666666, 0.7207745815972221, 0.004166666666666667, 0.0012962962962962963], "13": [55, 0.056666666666666664, 0.017080378250591013, 0.9703691666666666, 0.6823283333333333, 0.0033333333333333335, 0.001205673758865248], "8": [99, 0.03382222222222222, 0.023955555555555553, 1.1140040466666665, 0.7999999233333333, 0.002, 0.001622222222222222], "25": [74, 0.030977777777777774, 0.01936296296296296, 0.8207581333333333, 0.7571107777777778, 0.002444444444444444, 0.0012296296296296296], "21": [65, 0.08729166666666666, 0.01914021164021164, 1.0638085967261905, 0.6189155952380953, 0.00548611111111111, 0.0014947089947089948], "9": [74, 0.04973333333333334, 0.01976296296296296, 1.0408884333333335, 0.6914965544444445, 0.003066666666666666, 0.001525925925925926], "4": [74, 0.06097777777777777, 0.016799999999999995, 1.2785198752380953, 0.6910385155555555, 0.003333333333333333, 0.0009777777777777777], "2": [83, 0.039705882352941174, 0.022474747474747474, 0.8735798455882352, 0.7484172487373737, 0.002941176470588235, 0.0015656565656565655], "10": [125, 0.04706140350877192, 0.06958333333333333, 1.2752909179093568, 1.7320327500000001, 0.002017543859649123, 0.0019907407407407404], "11": [67, 0.06987654320987653, 0.0433739837398374, 1.4235198425925926, 1.1566649653455285, 0.0033950617283950617, 0.0022222222222222222], "16": [54, 73, 0.11422222222222222, 0.14619883040935672, 0.04464912280701755, 1.6204001238095238, 2.0287835413533837, 1.0850719307017542, 0.005333333333333333, 0.005146198830409355, 0.0022514619883040933], "6": [75, 0.072008547008547, 0.04418918918918918, 0.5828578660436785, 0.5104035757920008, 0.00858974358974359, 0.0059309309309309305], "19": [66, 94, 0.07169934640522875, 0.14023809523809525, 0.05153535353535352, 1.0346502084033613, 2.7571629458333335, 1.3885833766666669, 0.004248366013071895, 0.003412698412698412, 0.001959595959595959], "15": [75, 0.10457264957264956, 0.06210210210210209, 1.0913825756465756, 0.807598755522968, 0.006538461538461538, 0.005330330330330332], "22": [58, 71, 0.15728395061728395, 0.21974358974358973, 0.061495726495726495, 1.4611670851370853, 3.1892867980769233, 1.9799319524161734, 0.007530864197530863, 0.005213675213675213, 0.0019373219373219374], "23": [54, 84, 0.24933333333333332, 0.1457037037037037, 0.06169230769230769, 2.3459053500000002, 2.3158039786507936, 1.2013901778021978, 0.006888888888888887, 0.004592592592592592, 0.0034700854700854696], "3": [55, 96, 0.12129629629629628, 0.09539295392953931, 0.04580712788259958, 0.9649194375, 1.2491683859123262, 0.9420530943396227, 0.008333333333333333, 0.004878048780487805, 0.0026834381551362678], "24": [73, 0.14555555555555555, 0.07399122807017545, 1.838173548859127, 1.546020558114035, 0.00537037037037037, 0.0020906432748538013], "17": [91, 0.07333333333333333, 0.1449808429118774, 1.2263911488095238, 1.9334825739457382, 0.0041005291005291, 0.004808429118773947], "20": [52, 75, 0.14925925925925929, 0.19516908212560383, 0.1424924924924925, 1.0080827651515152, 2.1863580659937893, 3.3331147965250962, 0.009999999999999998, 0.005942028985507245, 0.0031681681681681685], "1": [66, 0.07993464052287581, 0.16463186077643913, 1.3581213655462185, 2.1638348638605374, 0.0034640522875816994, 0.005555555555555555], "12": [51, 74, 0.15666666666666668, 0.3134299516908213, 0.13604444444444444, 1.359998, 3.44552522204969, 2.944267518031746, 0.0077777777777777776, 0.006183574879227052, 0.0032148148148148153], "5": [63, 74, 0.16277777777777777, 0.4142424242424243, 0.14044444444444446, 1.4418506246031748, 3.5354255523088027, 1.9552664126520514, 0.00746031746031746, 0.00808080808080808, 0.004977777777777777], "7": [65, 74, 0.09881944444444445, 0.39086419753086427, 0.16924444444444445, 1.4131768191964287, 4.0271630661375655, 3.194710349708587, 0.004027777777777778, 0.007160493827160493, 0.004414814814814814], "0": [63, 75, 0.1292063492063492, 0.4109259259259259, 0.17084084084084084, 1.5594981653911566, 4.427573885912699, 3.032978584877735, 0.005317460317460317, 0.006851851851851851, 0.003993993993993993], "14": [52, 72, 0.24037037037037035, 0.4442222222222222, 0.15395382395382395, 2.288414142857143, 7.127631055753968, 2.603131244578438, 0.007777777777777777, 0.005888888888888887, 0.0042135642135642136]}}