{"behind_params": {"18": [49.309570638204484, 0.016666666391574075, 53.21080468020374, 0.07582522087898097], "13": [40.9685850417283, 0.014444444350121759, 54.95461240582703, 0.07222222216930961], "8": [44.58045302046283, 0.018888888824867136, 99.23052980008026, 0.031552254571689836], "25": [35.14903240731887, 0.017777777881025084, 74.34503377468644, 0.02777777766177063], "21": [24.73432652636461, 0.013333333319962549, 64.87092831439182, 0.09222222197543363], "9": [-1.635494341827311, 0.015555555489009614, 73.52552122702987, 0.048766587726190885], "4": [47.91481424982128, 0.008888888858359409, 74.03235149163642, 0.05385887333761223], "2": [47.06857789434749, 0.01555555528873821, 82.53277273610622, 0.036666666474785434], "10": [40.93844770367492, 0.016584362562996294, 67.90393434198589, 0.060885848391517026], "11": [42.21202351974524, 0.0011111113600204975, 74.31114379838965, 0.06444444421200868], "16": [45.39595518299785, 0.0033333330910945494, 68.10033825432762, 0.0511111110103227], "6": [21.606694364570515, 0.018888888627193637, 74.63347356665327, 0.059999999908594184], "19": [49.3, 0.003, 68.5, 0.083], "15": [17.185643438779465, 0.036666666576154514, 74.8580891214862, 0.10107220932519297], "22": [40.124890815530584, -5.0167498627518015e-11, 64.84013441203102, 0.09666666629376364], "23": [23.60633896357872, 0.005555555397062928, 68.00232677699358, 0.019114367092214153], "3": [43.10205048523784, 0.004405782969311706, 80.76314057209056, 0.012222222074726789], "24": [35.3418015740791, 0.004586553122437852, 73.188608431701, 0.127220367001724], "17": [39.48476601734073, 0.012222222177886037, 92.21977728742456, 0.048888888752029035], "20": [7.6734434999994505, 0.0033333331812412763, 53.17659406606053, 0.16161361414869274], "1": [50.25915433640364, 0.014066110041575083, 69.0803862211462, 0.06333333324973046], "12": [49.67739171677138, -6.859557366567515e-11, 106.34791480250465, 0.006666666334733083], "5": [49.432962133115616, 0.0035288534917643534, 74.34995720500388, 0.0255555554676919], "7": [20.40787280466978, 0.008888888775814268, 68.31168833102174, 0.07666966183118919], "0": [50.113894333433876, 0.0033333331653843737, 69.3891365967199, 0.1066666652035411], "14": [42.47396297063152, -6.339214222994549e-11, 61.369904163734404, 0.017686502309078856]}, "front_params": {"18": [50.0, NaN, 78.86607004772212, NaN], "13": [50.0, NaN, 78.86607004772212, NaN], "8": [19.856911120371905, -7.273724266128323e-13, 97.67356002354927, -8.080074288688635e-14], "25": [94.09062602262114, -1.7314126749077424e-12, 92.1686422505388, -0.00023898216850524323], "21": [38.80519793658089, -1.7627430548214362e-13, 49.27325795393635, 4.179794802934863e-05], "9": [87.79740080033764, -8.194025969895935e-13, 86.25665900981107, 0.0005946518805598328], "4": [39.82097872714356, -0.004429048985665934, 169.64986733648698, -1.175415667575841e-12], "2": [92.20238310194462, -3.5415006430922213e-12, 59.917102054829314, -0.0036547965183790906], "10": [125, -3.8465466922765756e-11, 125, -2.7505744210065686e-11], "11": [67, 0.011, 67, 0.011], "16": [54.45344023409876, 0.005900346578574585, 73.38810811463316, 0.10111111099111311], "6": [75, 0.013937326038722197, 75, -1.6578988182303078e-11], "19": [66.5, 0.012, 94.0, 0.108], "15": [1.4766570823674527, 0.009999999879276997, 83.3650251259485, -1.5976173509124614e-11], "22": [57.894228879697266, 0.03801147487988495, 71.44591849691989, 0.10709744368799806], "23": [53.87622111765024, 0.026666666272819217, 84.20977936409088, 0.09888888859442228], "3": [54.8179276598878, 0.01777777754935507, 96.2278688655287, 0.06479910979944532], "24": [73, 0.067, 73, 0.067], "17": [91, 0.1, 91, 0.1], "20": [52.31142450297066, 0.09298778982452822, 75.35122917549299, 0.1322222215887044], "1": [66, 0.126, 66, 0.126], "12": [51.40988240193831, 0.10111111084744594, 74.48050126360259, 0.30109976664368765], "5": [62.7329951399274, 0.12111111090483968, 74.2749035991111, 0.36760504449796], "7": [65.14536337503066, 0.12888888853590175, 73.99846490641445, 0.3036334218794309], "0": [63.43398414635308, 0.1410529881999196, 74.73707999092076, 0.3866666659736857], "14": [52.466085433927994, 0.12193600327022687, 71.84085748975865, 0.43555555529064205]}}