{"theta":{"5":[0.9006556738358583,16.328177189791834,0.15138124426804717,0.07202955986814988,0.36585881022030686,0.28081111015302335,0.5663963132083764,0.6795529248040633,0.8629415162075422],"16":[0.8102186114762537,20.00815449429651,0.11287790592476124,0.007985325076075201,0.2493494695693807,0.9100807899686698,0.8949360553274031,0.5230938341791882,0.12453023577158179],"20":[0.9902948537858584,19.148713096440627,0.09653833721972288,0.2224445120225354,0.057004270379958734,0.8746691608939527,0.8090115574639682,0.7182400880368154,0.16678905204778072],"12":[0.9225230199737964,17.628129815426743,0.1333768105069691,0.1150298831978059,0.11839927820951902,0.21134574812733545,0.6340974148631379,0.6113647329815083,0.5109319011190452],"24":[0.5841328605520391,26.96386516483871,0.10100480581248138,0.08292404226455162,0.16336538942572015,0.5067024338244533,0.45370388311190885,0.16812937932388072,0.7657588194619233],"8":[0.4528697249200303,51.283112751113286,0.27352302783140897,0.14785960076747484,0.3979189181228211,0.4676665730363384,0.1044678925575636,0.22101475358825826,0.6552615604927848],"17":[0.9200242399660894,46.430481449136686,0.2738324962139298,0.3633766295910111,0.2733317509409456,0.5768543246131551,0.630097224976751,0.28899771688411924,0.09132163740815616],"1":[0.7523519101865234,34.16933960779869,0.2868745294358969,0.127266089588594,0.2184287327698651,0.8725795691174284,0.5951552063350365,0.42717948868158423,0.11517736980194149],"23":[0.858641033398307,20.1277626540461,0.1774202112053665,0.09992205279223527,0.3580866366813287,0.773517687254881,0.34683311802523153,0.8780893185583151,0.3028640573962841],"19":[0.6648630574715838,27.74244660063923,0.12805385570502456,0.31918511427663754,0.22357444074417732,0.8192196184715399,0.8168003431559022,0.8393256835222239,0.17093755124595722],"0":[0.8402333794723493,15.831672692411972,0.1442865135132869,0.31085645381250987,0.31788172992535696,0.24957503652041751,0.7980909176362961,0.7323796227318201,0.8538646093891334],"6":[0.5901876668061943,18.604873032085724,0.22115442972727467,0.26717762915092247,0.18733661973249865,0.254463043896731,0.6260754393030865,0.2345297146689539,0.3972431335872997],"22":[0.9372719190967193,17.877894137101404,0.10556963360001943,0.14861154308699512,0.3408529895951547,0.1392124464890121,0.8209284576431995,0.5330433074028658,0.4591742798020377],"11":[0.8590067530354293,13.424004470417202,0.21223535112126,0.4115539620937054,0.6869854599128193,0.6655633037304868,0.6121819574582141,0.22429575653119044,0.44743414476259624],"9":[0.6936888446518625,40.62269265070722,0.1760711367626178,0.2668718409390881,0.6348846402238604,0.7473245889490064,0.20793287593938578,0.3154356237631351,0.20697986262624493],"14":[0.8401234556985121,11.965548194849328,0.17558624955036908,0.4160662157595753,0.17538506537952028,0.13375046819702746,0.9222787178178938,0.6595821508164369,0.42336827831617685],"3":[0.4565386659880404,35.12936462356183,0.16547945334844155,0.11462160385908875,0.285643388110238,0.3659564716976363,0.6881013613694639,0.5243432864505039,0.7373754117048353],"7":[0.8035024754615876,15.774712863109373,0.151397175640817,0.32749873253446404,0.3205735610736613,0.22060066489998403,0.8402745425633744,0.7094781757905163,0.8263500285305916],"25":[0.7806585659717206,32.54702779564317,0.18140036024350362,0.24957732402931732,0.9693399543398775,0.30664730834285114,0.13103582537031871,0.4823158738045613,0.2590042577739361],"13":[0.560791434187892,7.671683959841138,0.15806653526671222,0.23609837285021598,0.8712615645508938,0.6421132476321669,0.37342619861194754,0.40779818142262625,0.9389320619085446],"4":[0.7616397137309602,49.50726908825908,0.11924258996080989,0.2608383790792235,0.2801462439897686,0.4922411851083201,0.00998471034293618,0.7977427925225655,0.27787805716481845],"21":[0.6197112979661344,25.04938448492988,0.10898883141413099,0.14730994660191676,0.17270338975346405,0.47876318512457794,0.086986452753961,0.25679622022322485,0.1497367376566222],"2":[0.5476080826331652,54.66877664405865,0.168506553254932,0.2323563085373824,0.8807869860071302,0.33841406388047074,0.33208005793352335,0.2549496521424214,0.6477664403720909],"15":[0.5897234976379526,39.5645455281879,0.31309725535173116,0.2617332609459494,0.6912028370814638,0.7389434048028054,0.0925230625875311,0.47641391003962136,0.6838789519839992],"18":[0.948604082073508,8.703714173809955,0.13667339642183282,0.41753839262616455,0.27542196551128223,0.2062444264668606,0.2027579558475217,0.96388838310723,0.49095495276504447],"10":[0.6979746675316728,65.44468156699396,0.19682171503947193,0.22733309005251168,0.13515636746313622,0.7846290212884008,0.4920867602847393,0.3758626460688352,0.16988511099643902]},"x":{"5":[24.0,48.0,2.8,4.0,4.0,0.6153846153846154],"16":[9.0,48.0,2.5,2.875,3.0,0.4437022900763358],"20":[4.0,54.0,2.0,3.0,3.0,0.4341085271317829],"12":[4.0,50.0,2.0,3.75,4.0,0.51953125],"24":[47.0,47.0,2.7,2.0,0.38370370370370377],"8":[98.0,2.0,2.0,0.809375],"17":[82.0,-1000.0,2.3157894736842106,2.9565217391304346,0.8380566801619433],"1":[32.0,-1000.0,2.5714285714285716,2.9411764705882355,0.906183368869936],"23":[10.0,70.0,3.0,3.0,3.0,0.7547169811320755],"19":[30.0,90.0,2.2857142857142856,3.0,3.0,0.5714285714285714],"0":[24.0,48.0,2.8,4.0,4.0,0.5882352941176471],"6":[51.0,51.0,1.9230769230769231,2.0,0.6877828054298644],"22":[15.0,43.0,3.0,3.6,3.909090909090909,0.3720588235294117],"11":[32.0,32.0,2.0,2.0,0.6521739130434783],"9":[48.0,2.0,2.0,0.49606299212598426],"14":[5.0,41.0,3.0,4.0,4.0,0.7142857142857143],"3":[12.0,92.0,2.0,2.0,2.0,0.5517241379310345],"7":[30.0,48.0,3.0,4.0,4.0,0.6153846153846154],"25":[48.0,2.0,2.0,0.504],"13":[8.0,2.0,1.95,0.36363636363636365],"4":[48.0,2.0,2.0,0.29323308270676696],"21":[29.0,2.142857142857143,2.0,0.2972972972972973],"2":[67.0,1.9411764705882353,2.0,0.5299417064122947],"15":[50.0,2.0,2.0,0.8735632183908046],"18":[8.0,2.0,2.0,0.3109756097560975],"10":[150.0,-1000.0,2.411764705882353,3.0,0.8529411764705882]}}