{"5":[24.0,48.0,2.8,4.0,4.0,0.6153846153846154],"16":[9.0,48.0,2.5,2.875,3.0,0.4437022900763358],"20":[4.0,54.0,2.0,3.0,3.0,0.4341085271317829],"12":[4.0,50.0,2.0,3.75,4.0,0.51953125],"24":[47.0,47.0,2.7,2.0,0.38370370370370377],"8":[98.0,2.0,2.0,0.809375],"17":[82.0,-1000.0,2.3157894736842106,2.9565217391304346,0.8380566801619433],"1":[32.0,-1000.0,2.5714285714285716,2.9411764705882355,0.906183368869936],"23":[10.0,70.0,3.0,3.0,3.0,0.7547169811320755],"19":[30.0,90.0,2.2857142857142856,3.0,3.0,0.5714285714285714],"0":[24.0,48.0,2.8,4.0,4.0,0.5882352941176471],"6":[51.0,51.0,1.9230769230769231,2.0,0.6877828054298644],"22":[15.0,43.0,3.0,3.6,3.909090909090909,0.3720588235294117],"11":[32.0,32.0,2.0,2.0,0.6521739130434783],"9":[48.0,2.0,2.0,0.49606299212598426],"14":[5.0,41.0,3.0,4.0,4.0,0.7142857142857143],"3":[12.0,92.0,2.0,2.0,2.0,0.5517241379310345],"7":[30.0,48.0,3.0,4.0,4.0,0.6153846153846154],"25":[48.0,2.0,2.0,0.504],"13":[8.0,2.0,1.95,0.36363636363636365],"4":[48.0,2.0,2.0,0.29323308270676696],"21":[29.0,2.142857142857143,2.0,0.2972972972972973],"2":[67.0,1.9411764705882353,2.0,0.5299417064122947],"15":[50.0,2.0,2.0,0.8735632183908046],"18":[8.0,2.0,2.0,0.3109756097560975],"10":[150.0,-1000.0,2.411764705882353,3.0,0.8529411764705882]}